category,Dist_Media_Legitima,Dist_Media_Fraude,Diferenca_Absoluta_KM
food_dining,75.84326397262211,122.74013585167611,46.896871879054004
misc_net,74.91852788996292,86.96641997371282,12.0478920837499
grocery_pos,75.65299332481104,85.35092509174616,9.697931766935127
shopping_net,75.81258332938101,85.02229347508145,9.209710145700441
gas_transport,76.25180152073506,72.6981366848918,-3.5536648358432643
shopping_pos,74.85913546051387,66.99149350287136,-7.867641957642505
misc_pos,77.18108314916577,64.20485236456102,-12.976230784604752
entertainment,77.88377340761171,62.50919335755088,-15.374580050060835
grocery_net,77.25475544432308,60.461614710787416,-16.793140733535665
